{"cameraMode":{"drawMode":0,"name":"Shaded","section":"Shading Mode"},"sceneLighting":false,"audioPlay":false,"sceneViewState":{"m_AlwaysRefresh":true,"showFog":true,"showSkybox":false,"showFlares":true,"showImageEffects":true,"showParticleSystems":true,"showVisualEffectGraphs":true,"m_FxEnabled":true},"in2DMode":false,"pivot":{"x":-0.3174861669540405,"y":1.1573660373687745,"z":0.06003326177597046},"rotation":{"x":0.23581859469413758,"y":0.10150936990976334,"z":-0.024788737297058107,"w":0.9661587476730347},"size":1.8034380674362183,"orthographic":true}