{"cameraMode":{"drawMode":0,"name":"Shaded","section":"Shading Mode"},"sceneLighting":false,"audioPlay":false,"sceneViewState":{"m_AlwaysRefresh":true,"showFog":true,"showSkybox":false,"showFlares":true,"showImageEffects":true,"showParticleSystems":true,"showVisualEffectGraphs":true,"m_FxEnabled":true},"in2DMode":false,"pivot":{"x":0.0019418597221374512,"y":0.3572443127632141,"z":0.009753882884979248},"rotation":{"x":0.08949064463376999,"y":-0.7831103801727295,"z":0.11595456302165985,"w":0.6043891310691834},"size":0.5524969100952148,"orthographic":true}