{"cameraMode":{"drawMode":0,"name":"Shaded","section":"Shading Mode"},"sceneLighting":false,"audioPlay":false,"sceneViewState":{"m_AlwaysRefresh":true,"showFog":true,"showSkybox":false,"showFlares":true,"showImageEffects":true,"showParticleSystems":true,"showVisualEffectGraphs":true,"m_FxEnabled":true},"in2DMode":false,"pivot":{"x":-0.06227231025695801,"y":0.4769044518470764,"z":-0.04456830024719238},"rotation":{"x":-0.027988867834210397,"y":0.9627165198326111,"z":-0.245717391371727,"w":-0.10962950438261032},"size":1.6369287967681885,"orthographic":true}