{"cameraMode":{"drawMode":0,"name":"Shaded","section":"Shading Mode"},"sceneLighting":false,"audioPlay":false,"sceneViewState":{"m_AlwaysRefresh":true,"showFog":true,"showSkybox":false,"showFlares":true,"showImageEffects":true,"showParticleSystems":true,"showVisualEffectGraphs":true,"m_FxEnabled":true},"in2DMode":false,"pivot":{"x":13.561910629272461,"y":0.823305606842041,"z":24.538137435913087},"rotation":{"x":0.26386627554893496,"y":-0.5941464900970459,"z":0.21513283252716065,"w":0.7287477850914002},"size":1.9705605506896973,"orthographic":true}