{"cameraMode":{"drawMode":0,"name":"Shaded","section":"Shading Mode"},"sceneLighting":false,"audioPlay":false,"sceneViewState":{"m_AlwaysRefresh":true,"showFog":true,"showSkybox":false,"showFlares":true,"showImageEffects":true,"showParticleSystems":true,"showVisualEffectGraphs":true,"m_FxEnabled":true},"in2DMode":false,"pivot":{"x":-0.04448002576828003,"y":0.5394471287727356,"z":-0.14636147022247315},"rotation":{"x":0.3529301881790161,"y":-0.08852798491716385,"z":0.03355632722377777,"w":0.9308565855026245},"size":0.9074660539627075,"orthographic":true}