{"cameraMode":{"drawMode":0,"name":"Shaded","section":"Shading Mode"},"sceneLighting":false,"audioPlay":false,"sceneViewState":{"m_AlwaysRefresh":true,"showFog":true,"showSkybox":false,"showFlares":true,"showImageEffects":true,"showParticleSystems":true,"showVisualEffectGraphs":true,"m_FxEnabled":true},"in2DMode":false,"pivot":{"x":0.09244918823242188,"y":3.8487768173217775,"z":-0.48990488052368166},"rotation":{"x":0.07710650563240051,"y":-0.6802260875701904,"z":0.07229902595281601,"w":0.7253338694572449},"size":10.716958045959473,"orthographic":true}