{"cameraMode":{"drawMode":0,"name":"Shaded","section":"Shading Mode"},"sceneLighting":false,"audioPlay":false,"sceneViewState":{"m_AlwaysRefresh":true,"showFog":true,"showSkybox":false,"showFlares":true,"showImageEffects":true,"showParticleSystems":true,"showVisualEffectGraphs":true,"m_FxEnabled":true},"in2DMode":false,"pivot":{"x":0.06160646677017212,"y":0.030801326036453248,"z":0.8247426748275757},"rotation":{"x":-0.12897494435310365,"y":0.7022532224655151,"z":-0.13170389831066132,"w":-0.6876435279846191},"size":0.9551210999488831,"orthographic":true}