{"cameraMode":{"drawMode":0,"name":"Shaded","section":"Shading Mode"},"sceneLighting":false,"audioPlay":false,"sceneViewState":{"m_AlwaysRefresh":true,"showFog":true,"showSkybox":false,"showFlares":true,"showImageEffects":true,"showParticleSystems":true,"showVisualEffectGraphs":true,"m_FxEnabled":true},"in2DMode":false,"pivot":{"x":0.000644385814666748,"y":0.33735936880111697,"z":-2.9802322387695315e-8},"rotation":{"x":-0.12897494435310365,"y":0.7022532224655151,"z":-0.13170389831066132,"w":-0.6876435279846191},"size":0.7005972266197205,"orthographic":true}