{"cameraMode":{"drawMode":0,"name":"Shaded","section":"Shading Mode"},"sceneLighting":false,"audioPlay":false,"sceneViewState":{"m_AlwaysRefresh":true,"showFog":true,"showSkybox":false,"showFlares":true,"showImageEffects":true,"showParticleSystems":true,"showVisualEffectGraphs":true,"m_FxEnabled":true},"in2DMode":false,"pivot":{"x":-0.04732692241668701,"y":1.4233908653259278,"z":-0.19857531785964967},"rotation":{"x":-0.03489790856838226,"y":0.9625192880630493,"z":-0.22272701561450959,"w":-0.1507784128189087},"size":2.484144926071167,"orthographic":true}