{"cameraMode":{"drawMode":0,"name":"Shaded","section":"Shading Mode"},"sceneLighting":false,"audioPlay":false,"sceneViewState":{"m_AlwaysRefresh":true,"showFog":true,"showSkybox":false,"showFlares":true,"showImageEffects":true,"showParticleSystems":true,"showVisualEffectGraphs":true,"m_FxEnabled":true},"in2DMode":false,"pivot":{"x":-0.028358548879623414,"y":0.5433762073516846,"z":-0.03305131196975708},"rotation":{"x":-0.12897494435310365,"y":0.7022532224655151,"z":-0.13170389831066132,"w":-0.6876435279846191},"size":1.2115148305892945,"orthographic":true}