{"cameraMode":{"drawMode":0,"name":"Shaded","section":"Shading Mode"},"sceneLighting":false,"audioPlay":false,"sceneViewState":{"m_AlwaysRefresh":true,"showFog":true,"showSkybox":false,"showFlares":true,"showImageEffects":true,"showParticleSystems":true,"showVisualEffectGraphs":true,"m_FxEnabled":true},"in2DMode":false,"pivot":{"x":-0.1599729061126709,"y":1.8448811769485474,"z":-0.024297475814819337},"rotation":{"x":0.07109266519546509,"y":0.9280322790145874,"z":-0.23686766624450684,"w":0.27856799960136416},"size":2.534486770629883,"orthographic":true}