{"cameraMode":{"drawMode":0,"name":"Shaded","section":"Shading Mode"},"sceneLighting":false,"audioPlay":false,"sceneViewState":{"m_AlwaysRefresh":true,"showFog":true,"showSkybox":false,"showFlares":true,"showImageEffects":true,"showParticleSystems":true,"showVisualEffectGraphs":true,"m_FxEnabled":true},"in2DMode":false,"pivot":{"x":-0.1372089385986328,"y":2.2051541805267336,"z":-0.27550172805786135},"rotation":{"x":0.13666154444217683,"y":0.2893484830856323,"z":-0.041786644607782367,"w":0.9464926719665527},"size":6.964129447937012,"orthographic":true}