{"cameraMode":{"drawMode":0,"name":"Shaded","section":"Shading Mode"},"sceneLighting":false,"audioPlay":false,"sceneViewState":{"m_AlwaysRefresh":true,"showFog":true,"showSkybox":false,"showFlares":true,"showImageEffects":true,"showParticleSystems":true,"showVisualEffectGraphs":true,"m_FxEnabled":true},"in2DMode":false,"pivot":{"x":-0.005673646926879883,"y":1.0823668241500855,"z":0.03241831064224243},"rotation":{"x":-0.10057546943426132,"y":0.8619939088821411,"z":-0.18859447538852693,"w":-0.4596521258354187},"size":2.241460084915161,"orthographic":true}