{"cameraMode":{"drawMode":0,"name":"Shaded","section":"Shading Mode"},"sceneLighting":false,"audioPlay":false,"sceneViewState":{"m_AlwaysRefresh":true,"showFog":true,"showSkybox":false,"showFlares":true,"showImageEffects":true,"showParticleSystems":true,"showVisualEffectGraphs":true,"m_FxEnabled":true},"in2DMode":false,"pivot":{"x":-0.0026062726974487306,"y":-0.00294417142868042,"z":0.0008820295333862305},"rotation":{"x":0.42852553725242617,"y":-0.5646034479141235,"z":0.43683987855911257,"w":0.553865909576416},"size":1.7957791090011597,"orthographic":true}