{"cameraMode":{"drawMode":0,"name":"Shaded","section":"Shading Mode"},"sceneLighting":false,"audioPlay":false,"sceneViewState":{"m_AlwaysRefresh":true,"showFog":true,"showSkybox":false,"showFlares":true,"showImageEffects":true,"showParticleSystems":true,"showVisualEffectGraphs":true,"m_FxEnabled":true},"in2DMode":false,"pivot":{"x":0.0017247200012207032,"y":0.0016680359840393067,"z":-0.0007992982864379883},"rotation":{"x":0.0779198631644249,"y":-0.6969456672668457,"z":0.07662288099527359,"w":0.7087499499320984},"size":0.7409920692443848,"orthographic":true}